din,brand_name,generic_name,strength,dosage_form,atc_code,drug_group,odb_unit_price,pack_size,doses_per_day,is_narcotic
02247011,APO-SIMVASTATIN,SIMVASTATIN,5mg,TABLET,C10AA01,statin,0.1023,100,1,0
02220172,LOVASTATIN,LOVASTATIN,20mg,TABLET,C10AA02,statin,1.1931,30,1,0
02243506,APO-PRAVASTATIN,PRAVASTATIN SODIUM,10mg,TABLET,C10AA03,statin,0.2916,100,1,0
02299224,TEVA-FLUVASTATIN,FLUVASTATIN SODIUM,20mg,CAPSULE,C10AA04,statin,0.6882,100,1,0
02295261,APO-ATORVASTATIN,ATORVASTATIN CALCIUM,10mg,TABLET,C10AA05,statin,0.1743,100,1,0
02337975,APO-ROSUVASTATIN,ROSUVASTATIN CALCIUM,5mg,TABLET,C10AA07,statin,0.1284,100,1,0
02250144,TEVA-SIMVASTATIN,SIMVASTATIN,5mg,TABLET,C10AA01,statin,0.1023,100,1,0
02220180,LOVASTATIN,LOVASTATIN,40mg,TABLET,C10AA02,statin,2.1793,30,1,0
02247008,TEVA-PRAVASTATIN,PRAVASTATIN SODIUM,10mg,TABLET,C10AA03,statin,0.2916,100,1,0
02299232,TEVA-FLUVASTATIN,FLUVASTATIN SODIUM,40mg,CAPSULE,C10AA04,statin,0.9671,100,1,0
02310899,TEVA-ATORVASTATIN,ATORVASTATIN CALCIUM,10mg,TABLET,C10AA05,statin,0.1743,100,1,0
02338726,SANDOZ ROSUVASTATIN,ROSUVASTATIN CALCIUM,5mg,TABLET,C10AA07,statin,0.1284,100,1,0
02284723,SIMVASTATIN,SIMVASTATIN,5mg,TABLET,C10AA01,statin,0.1023,100,1,0
02247655,PMS-PRAVASTATIN,PRAVASTATIN SODIUM,10mg,TABLET,C10AA03,statin,0.2916,100,1,0
02313707,SPC-ATORVASTATIN,ATORVASTATIN CALCIUM,10mg,TABLET,C10AA05,statin,0.1743,100,1,0
02354608,TEVA-ROSUVASTATIN,ROSUVASTATIN CALCIUM,5mg,TABLET,C10AA07,statin,0.1284,100,1,0
02329131,TARO-SIMVASTATIN,SIMVASTATIN,5mg,TABLET,C10AA01,statin,0.1023,100,1,0
02284421,TARO-PRAVASTATIN,PRAVASTATIN SODIUM,10mg,TABLET,C10AA03,statin,0.2916,100,1,0
02324946,SANDOZ ATORVASTATIN,ATORVASTATIN CALCIUM,10mg,TABLET,C10AA05,statin,0.1743,100,1,0
02378523,PMS-ROSUVASTATIN,ROSUVASTATIN CALCIUM,5mg,TABLET,C10AA07,statin,0.1284,100,1,0
02372932,MINT-SIMVASTATIN,SIMVASTATIN,5mg,TABLET,C10AA01,statin,0.1023,100,1,0
02317451,MINT-PRAVASTATIN,PRAVASTATIN SODIUM,10mg,TABLET,C10AA03,statin,0.2916,100,1,0
02348705,ATORVASTATIN,ATORVASTATIN CALCIUM,10mg,TABLET,C10AA05,statin,0.1743,100,1,0
02382644,TARO-ROSUVASTATIN,ROSUVASTATIN CALCIUM,5mg,TABLET,C10AA07,statin,0.1284,100,1,0
00893595,APO-CAPTO TAB 12.5MG,CAPTOPRIL,12.5mg,TABLET,C09AA01,ras,0.2120,100,1,0
02020025,APO-ENALAPRIL,ENALAPRIL MALEATE,2.5mg,TABLET,C09AA02,ras,0.1863,100,1,0
02285118,TEVA-LISINOPRIL (TYPE Z),LISINOPRIL,5mg,TABLET,C09AA03,ras,0.1347,100,1,0
02289261,APO-PERINDOPRIL,PERINDOPRIL ERBUMINE,2mg,TABLET,C09AA04,ras,0.1632,100,1,0
02251515,APO-RAMIPRIL,RAMIPRIL,1.25mg,CAPSULE,C09AA05,ras,0.0708,100,1,0
02340569,PMS-QUINAPRIL,QUINAPRIL,10mg,TABLET,C09AA06,ras,0.4642,100,1,0
02290332,BENAZEPRIL,BENAZEPRIL,5mg,TABLET,C09AA07,ras,0.9485,100,1,0
02283778,MYLAN-CILAZAPRIL,CILAZAPRIL,1mg,TABLET,C09AA08,ras,0.3426,100,1,0
02247802,TEVA-FOSINOPRIL,FOSINOPRIL SODIUM,10mg,TABLET,C09AA09,ras,0.2178,100,1,0
02325748,SANDOZ TRANDOLAPRIL,TRANDOLAPRIL,1mg,CAPSULE,C09AA10,ras,0.1762,100,1,0
02301768,TEVA-LISINOPRIL/HCTZ (TYPE Z),LISINOPRIL & HYDROCHLOROTHIAZIDE,10mg & 12.5mg,TABLET,C09BA03,ras,0.2084,100,1,0
02470411,SANDOZ PERINDOPRIL ERBUMINE/ INDAPAMIDE LD,PERINDOPRIL ERBUMINE & INDAPAMIDE,2mg & 0.625mg,TABLET,C09BA04,ras,0.2113,100,1,0
02449439,TARO-RAMIPRIL HCTZ,RAMIPRIL & HYDROCHLOROTHIAZIDE,2.5mg & 12.5mg,TABLET,C09BA05,ras,0.2242,100,1,0
02408783,APO-QUINAPRIL/HCTZ,QUINAPRIL & HYDROCHLOROTHIAZIDE,20mg & 25mg,TABLET,C09BA06,ras,0.2301,100,1,0
02284987,APO-CILAZAPRIL/HCTZ,CILAZAPRIL & HYDROCHLOROTHIAZIDE,5mg/12.5mg,TABLET,C09BA08,ras,0.6306,100,1,0
02309750,PMS-LOSARTAN,LOSARTAN POTASSIUM,25mg,TABLET,C09CA01,ras,0.3147,100,1,0
02356686,TEVA-VALSARTAN,VALSARTAN,320mg,TABLET,C09CA03,ras,0.2098,100,1,0
02317060,PMS-IRBESARTAN,IRBESARTAN,75mg,TABLET,C09CA04,ras,0.2281,100,1,0
02326957,SANDOZ CANDESARTAN,CANDESARTAN CILEXETIL,4mg,TABLET,C09CA06,ras,0.1700,100,1,0
02320177,TEVA-TELMISARTAN,TELMISARTAN,40mg,TABLET,C09CA07,ras,0.2161,100,1,0
02442191,TEVA-OLMESARTAN,OLMESARTAN MEDOXOMIL,20mg,TABLET,C09CA08,ras,0.3019,100,1,0
02362449,SANDOZ LOSARTAN HCT,LOSARTAN POTASSIUM & HYDROCHLOROTHIAZIDE,100mg & 12.5mg,TABLET,C09DA01,ras,0.3082,100,1,0
02356694,SANDOZ VALSARTAN HCT,VALSARTAN & HYDROCHLOROTHIAZIDE,80mg & 12.5mg,TABLET,C09DA03,ras,0.2213,100,1,0
02328534,PMS-IRBESARTAN-HCTZ,IRBESARTAN & HYDROCHLOROTHIAZIDE,300mg & 25mg,TABLET,C09DA04,ras,0.2184,100,1,0
02327902,SANDOZ CANDESARTAN PLUS,CANDESARTAN CILEXETIL & HYDROCHLOROTHIAZIDE,16mg & 12.5mg,TABLET,C09DA06,ras,0.2156,100,1,0
02330288,TEVA-TELMISARTAN HCTZ,TELMISARTAN & HYDROCHLOROTHIAZIDE,80mg & 12.5mg,TABLET,C09DA07,ras,0.2098,100,1,0
02443112,TEVA-OLMESARTAN / HCTZ,OLMESARTAN MEDOXOMIL & HYDROCHLOROTHIAZIDE,20mg & 12.5mg,TABLET,C09DA08,ras,0.3019,100,1,0
02559870,RIVA-TELMISARTAN/AMLODIPINE,TELMISARTAN & AMLODIPINE BESYLATE,80mg & 5mg,TABLET,C09DB04,ras,0.3648,100,1,0
02549018,SANDOZ SACUBITRIL-VALSARTAN,SACUBITRIL & VALSARTAN,24.3mg & 25.7mg,TABLET,C09DX04,ras,1.8530,30,1,0
01942964,TEVA-CAPTOPRIL,CAPTOPRIL,12.5mg,TABLET,C09AA01,ras,0.2120,100,1,0
02291878,ACT ENALAPRIL,ENALAPRIL MALEATE,2.5mg,TABLET,C09AA02,ras,0.1863,100,1,0
02394472,AURO-LISINOPRIL,LISINOPRIL,5mg,TABLET,C09AA03,ras,0.1347,100,1,0
02459817,AURO-PERINDOPRIL,PERINDOPRIL ERBUMINE,2mg,TABLET,C09AA04,ras,0.1632,100,1,0
02308363,RAMIPRIL,RAMIPRIL,1.25mg,CAPSULE,C09AA05,ras,0.0708,100,1,0
02340577,PMS-QUINAPRIL,QUINAPRIL,20mg,TABLET,C09AA06,ras,0.4642,100,1,0
02290340,BENAZEPRIL,BENAZEPRIL,10mg,TABLET,C09AA07,ras,0.9938,100,1,0
02283786,MYLAN-CILAZAPRIL,CILAZAPRIL,2.5mg,TABLET,C09AA08,ras,0.4295,100,1,0
02266008,APO-FOSINOPRIL,FOSINOPRIL SODIUM,10mg,TABLET,C09AA09,ras,0.2178,100,1,0
02357763,PMS-TRANDOLAPRIL,TRANDOLAPRIL,1mg,CAPSULE,C09AA10,ras,0.1762,100,1,0
02302365,SANDOZ LISINOPRIL HCT,LISINOPRIL & HYDROCHLOROTHIAZIDE,10mg & 12.5mg,TABLET,C09BA03,ras,0.2084,100,1,0
02246820,SANDOZ METFORMIN FC,METFORMIN HCL,500mg,TABLET,A10BA02,diabetes,0.0247,100,2,0
01913654,APO GLYBURIDE TAB 2.5MG,GLYBURIDE,2.5mg,TABLET,A10BB01,diabetes,0.0321,100,1,0
02407124,APO-GLICLAZIDE MR,GLICLAZIDE,60mg,TABLET (EXTENDED-RELEASE),A10BB09,diabetes,0.0632,100,1,0
02435772,APO-SITAGLIPTIN-METFORMIN,SITAGLIPTIN & METFORMIN,50mg & 500mg,TABLET,A10BD07,diabetes,0.4446,100,1,0
02403250,JENTADUETO,LINAGLIPTIN & METFORMIN,2.5mg & 500mg,TABLET,A10BD11,diabetes,1.4744,30,1,0
02533073,AURO-DAPAGLIFLOZIN / METFORMIN,DAPAGLIFLOZIN & METFORMIN,5mg & 850mg,TABLET,A10BD15,diabetes,0.6432,100,1,0
02456575,SYNJARDY,EMPAGLIFLOZIN & METFORMIN,5mg & 500mg,TABLET,A10BD20,diabetes,1.4535,30,1,0
02494078,MAR-ACARBOSE,ACARBOSE,50mg,TABLET,A10BF01,diabetes,0.1482,100,1,0
02403366,ROSIGLITAZONE,ROSIGLITAZONE,2mg,TABLET,A10BG02,diabetes,1.2234,30,1,0
02302861,TEVA-PIOGLITAZONE,PIOGLITAZONE HCL,15mg,TABLET,A10BG03,diabetes,1.5716,30,1,0
02428261,APO-SITAGLIPTIN,SITAGLIPTIN,25mg,TABLET,A10BH01,diabetes,0.8197,100,1,0
02468603,SANDOZ SAXAGLIPTIN,SAXAGLIPTIN,2.5mg,TABLET,A10BH03,diabetes,1.2650,30,1,0
02370921,TRAJENTA,LINAGLIPTIN,5mg,TABLET,A10BH05,diabetes,2.8120,30,1,0
02497581,RYBELSUS,SEMAGLUTIDE,3mg,TABLET,A10BJ06,diabetes,7.5303,30,1,0
02543184,ACCEL-DAPAGLIFLOZIN,DAPAGLIFLOZIN,5mg,TABLET,A10BK01,diabetes,0.5220,100,1,0
02510367,AURO-CANAGLIFLOZIN,CANAGLIFLOZIN,100mg,TABLET,A10BK02,diabetes,0.7228,100,1,0
02443937,JARDIANCE,EMPAGLIFLOZIN,10mg,TABLET,A10BK03,diabetes,2.8868,30,1,0
02354926,JAMP REPAGLINIDE,REPAGLINIDE,0.5mg,TABLET,A10BX02,diabetes,0.2083,100,1,0
02257726,TEVA-METFORMIN,METFORMIN HCL,500mg,TABLET,A10BA02,diabetes,0.0247,100,2,0
01913670,TEVA-GLYBURIDE,GLYBURIDE,2.5mg,TABLET,A10BB01,diabetes,0.0321,100,1,0
02423294,MINT-GLICLAZIDE MR,GLICLAZIDE,60mg,TABLET (EXTENDED-RELEASE),A10BB09,diabetes,0.0632,100,1,0
02435780,APO-SITAGLIPTIN-METFORMIN,SITAGLIPTIN & METFORMIN,50mg & 850mg,TABLET,A10BD07,diabetes,0.4446,100,1,0
02403269,JENTADUETO,LINAGLIPTIN & METFORMIN,2.5mg & 850mg,TABLET,A10BD11,diabetes,1.4744,30,1,0
02533081,AURO-DAPAGLIFLOZIN / METFORMIN,DAPAGLIFLOZIN & METFORMIN,5mg & 1000mg,TABLET,A10BD15,diabetes,0.6432,100,1,0
02456583,SYNJARDY,EMPAGLIFLOZIN & METFORMIN,5mg & 850mg,TABLET,A10BD20,diabetes,1.4535,30,1,0
02494086,MAR-ACARBOSE,ACARBOSE,100mg,TABLET,A10BF01,diabetes,0.2053,100,1,0
02403374,ROSIGLITAZONE,ROSIGLITAZONE,4mg,TABLET,A10BG02,diabetes,1.9197,30,1,0
02326477,MINT-PIOGLITAZONE,PIOGLITAZONE HCL,15mg,TABLET,A10BG03,diabetes,1.5716,30,1,0
02245058,APO-OMEPRAZOLE,OMEPRAZOLE,20mg,CAPSULE (DELAYED-RELEASE),A02BC01,other_chronic,0.2287,100,1,0
02408570,MYLAN-PANTOPRAZOLE T,PANTOPRAZOLE MAGNESIUM,40mg,TABLET (DELAYED-RELEASE),A02BC02,other_chronic,0.1875,100,1,0
02280515,TEVA-LANSOPRAZOLE,LANSOPRAZOLE,15mg,CAPSULE (DELAYED-RELEASE),A02BC03,other_chronic,0.5000,100,1,0
02314177,SANDOZ RABEPRAZOLE,RABEPRAZOLE SODIUM,10mg,TABLET (ENTERIC-COATED),A02BC04,other_chronic,0.0669,100,1,0
02213192,ELTROXIN,LEVOTHYROXINE (SODIUM),0.05mg,TABLET,H03AA01,other_chronic,0.0373,100,1,0
02494337,TEVA-LIOTHYRONINE,LIOTHYRONINE (SODIUM),5mcg,TABLET,H03AA02,other_chronic,1.1587,30,1,0
02177587,PMS-FLUOXETINE,FLUOXETINE HCL,20mg,CAPSULE,N06AB03,other_chronic,0.3311,100,1,0
02246056,APO-CITALOPRAM,CITALOPRAM HYDROBROMIDE,20mg,TABLET,N06AB04,other_chronic,0.1332,100,1,0
02240908,APO-PAROXETINE,PAROXETINE HCL,20mg,TABLET,N06AB05,other_chronic,0.3250,100,1,0
02238280,APO-SERTRALINE,SERTRALINE HCL,25mg,CAPSULE,N06AB06,other_chronic,0.1516,100,1,0
02231329,APO-FLUVOXAMINE,FLUVOXAMINE MALEATE,50mg,TABLET,N06AB08,other_chronic,0.5410,100,1,0
02295016,APO-ESCITALOPRAM,ESCITALOPRAM,10mg,TABLET,N06AB10,other_chronic,0.3109,100,1,0
02295415,TEVA-OMEPRAZOLE,OMEPRAZOLE,20mg,TABLET (DELAYED-RELEASE),A02BC01,other_chronic,0.2287,100,1,0
02440628,TEVA-PANTOPRAZOLE MAGNESIUM,PANTOPRAZOLE MAGNESIUM,40mg,TABLET (DELAYED-RELEASE),A02BC02,other_chronic,0.1875,100,1,0
02280523,TEVA-LANSOPRAZOLE,LANSOPRAZOLE,30mg,CAPSULE (DELAYED-RELEASE),A02BC03,other_chronic,0.5000,100,1,0
02356511,RABEPRAZOLE EC,RABEPRAZOLE SODIUM,10mg,TABLET (ENTERIC-COATED),A02BC04,other_chronic,0.0669,100,1,0
02550717,APO-LEVOTHYROXINE,LEVOTHYROXINE (SODIUM),0.05mg,TABLET,H03AA01,other_chronic,0.0373,100,1,0
02549999,AURO-LIOTHYRONINE,LIOTHYRONINE (SODIUM),5mcg,TABLET,H03AA02,other_chronic,1.1587,30,1,0
02216361,APO-FLUOXETINE,FLUOXETINE HCL,20mg,CAPSULE,N06AB03,other_chronic,0.3311,100,1,0
02246057,APO-CITALOPRAM,CITALOPRAM HYDROBROMIDE,40mg,TABLET,N06AB04,other_chronic,0.1332,100,1,0
02247751,PMS-PAROXETINE,PAROXETINE HCL,20mg,TABLET,N06AB05,other_chronic,0.3250,100,1,0
02240485,TEVA-SERTRALINE,SERTRALINE HCL,25mg,CAPSULE,N06AB06,other_chronic,0.1516,100,1,0
02255529,TEVA-FLUVOXAMINE,FLUVOXAMINE MALEATE,50mg,TABLET,N06AB08,other_chronic,0.5410,100,1,0
02309467,MYLAN-ESCITALOPRAM,ESCITALOPRAM,10mg,TABLET,N06AB10,other_chronic,0.3109,100,1,0
02348691,OMEPRAZOLE,OMEPRAZOLE,20mg,CAPSULE (DELAYED-RELEASE),A02BC01,other_chronic,0.2287,100,1,0
02466147,PANTOPRAZOLE T,PANTOPRAZOLE MAGNESIUM,40mg,TABLET (DELAYED-RELEASE),A02BC02,other_chronic,0.1875,100,1,0
02293811,APO-LANSOPRAZOLE,LANSOPRAZOLE,15mg,CAPSULE (DELAYED-RELEASE),A02BC03,other_chronic,0.5000,100,1,0
02385449,RABEPRAZOLE,RABEPRAZOLE SODIUM,10mg,TABLET (ENTERIC-COATED),A02BC04,other_chronic,0.0669,100,1,0
02213206,ELTROXIN,LEVOTHYROXINE (SODIUM),0.1mg,TABLET,H03AA01,other_chronic,0.0460,100,1,0
02561298,ZDS-LIOTHYRONINE,LIOTHYRONINE (SODIUM),5mcg,TABLET,H03AA02,other_chronic,1.1587,30,1,0
02216590,TEVA-FLUOXETINE,FLUOXETINE HCL,20mg,CAPSULE,N06AB03,other_chronic,0.3311,100,1,0
02248010,PMS-CITALOPRAM,CITALOPRAM HYDROBROMIDE,20mg,TABLET,N06AB04,other_chronic,0.1332,100,1,0
02248557,TEVA-PAROXETINE,PAROXETINE HCL,20mg,TABLET,N06AB05,other_chronic,0.3250,100,1,0
02244838,PMS-SERTRALINE,SERTRALINE HCL,25mg,CAPSULE,N06AB06,other_chronic,0.1516,100,1,0
02231330,APO-FLUVOXAMINE,FLUVOXAMINE MALEATE,100mg,TABLET,N06AB08,other_chronic,0.9728,100,1,0
02318180,TEVA-ESCITALOPRAM,ESCITALOPRAM,10mg,TABLET,N06AB10,other_chronic,0.3109,100,1,0
02411857,OMEPRAZOLE-20,OMEPRAZOLE,20mg,CAPSULE (DELAYED-RELEASE),A02BC01,other_chronic,0.2287,100,1,0
02519534,PANTOPRAZOLE MAGNESIUM,PANTOPRAZOLE MAGNESIUM,40mg,TABLET (DELAYED-RELEASE),A02BC02,other_chronic,0.1875,100,1,0
02293838,APO-LANSOPRAZOLE,LANSOPRAZOLE,30mg,CAPSULE (DELAYED-RELEASE),A02BC03,other_chronic,0.5000,100,1,0
02314185,SANDOZ RABEPRAZOLE,RABEPRAZOLE SODIUM,20mg,TABLET (ENTERIC-COATED),A02BC04,other_chronic,0.1338,100,1,0
00874256,APO-DOXY-TABS,DOXYCYCLINE HYCLATE,100mg,TABLET,J01AA02,antibiotic,0.4560,100,2,0
00580929,TETRACYCLINE,TETRACYCLINE,250mg,CAPSULE,J01AA07,antibiotic,0.0670,100,2,0
02084090,MINOCYCLINE,MINOCYCLINE HCL,50mg,CAPSULE,J01AA08,antibiotic,0.5616,100,2,0
00020877,TEVA-AMPICILLIN,AMPICILLIN,250mg,CAPSULE,J01CA01,antibiotic,0.4223,100,3,0
00406724,NOVAMOXIN,AMOXICILLIN,250mg,CAPSULE,J01CA04,antibiotic,0.0672,100,3,0
00642215,PEN-VK,PENICILLIN V (POTASSIUM),300mg,TABLET,J01CE02,antibiotic,0.1873,100,3,0
00337765,TEVA-CLOXACILLIN,CLOXACILLIN,250mg,CAPSULE,J01CF02,antibiotic,0.2141,100,3,0
02243350,APO-AMOXI CLAV,AMOXICILLIN & CLAVULANIC ACID,250mg & 125mg,TABLET,J01CR02,antibiotic,0.2467,100,3,0
00583413,TEVA-CEPHALEXIN,CEPHALEXIN MONOHYDRATE,250mg,TABLET,J01DB01,antibiotic,0.0866,100,2,0
02235134,TEVA-CEFADROXIL,CEFADROXIL,500mg,CAPSULE,J01DB05,antibiotic,0.5895,100,2,0
02244393,APO-CEFUROXIME,CEFUROXIME AXETIL,250mg,TABLET,J01DC02,antibiotic,0.4194,100,2,0
02293528,SPC-CEFPROZIL,CEFPROZIL,250mg,TABLET,J01DC10,antibiotic,1.7374,30,2,0
00868981,SUPRAX,CEFIXIME,400mg,TABLET,J01DD08,antibiotic,2.7172,30,2,0
02243116,TRIMETHOPRIM TABLETS,TRIMETHOPRIM,100mg,TABLET,J01EA01,antibiotic,0.2617,100,2,0
00445282,SULFATRIM DS,SULFAMETHOXAZOLE & TRIMETHOPRIM,800mg & 160mg,TABLET,J01EE01,antibiotic,0.2074,100,2,0
02266539,SANDOZ CLARITHROMYCIN,CLARITHROMYCIN,250mg,TABLET,J01FA09,antibiotic,0.4122,100,2,0
02261634,PMS-AZITHROMYCIN,AZITHROMYCIN,250mg,TABLET,J01FA10,antibiotic,0.9410,100,2,0
02241709,TEVA-CLINDAMYCIN,CLINDAMYCIN HCL,150mg,CAPSULE,J01FF01,antibiotic,0.2217,100,2,0
02365154,TOBI PODHALER,TOBRAMYCIN,28mg,CAPSULE,J01GB01,antibiotic,14.6911,30,2,0
02247339,ACT CIPROFLOXACIN,CIPROFLOXACIN,250mg,TABLET,J01MA02,antibiotic,0.4454,100,2,0
02229524,NORFLOXACIN,NORFLOXACIN,400mg,TABLET,J01MA06,antibiotic,1.8586,30,2,0
02284707,APO-LEVOFLOXACIN,LEVOFLOXACIN,250mg,TABLET,J01MA12,antibiotic,1.2038,30,2,0
02375702,TEVA-MOXIFLOXACIN,MOXIFLOXACIN HYDROCHLORIDE,400mg,TABLET,J01MA14,antibiotic,1.5230,30,2,0
00783137,PMS-METRONIDAZOLE,METRONIDAZOLE,500mg,CAPSULE,J01XD01,antibiotic,0.2739,100,2,0
00319511,NITROFURANTOIN,NITROFURANTOIN,50mg,TABLET,J01XE01,antibiotic,0.1703,100,2,0
02422689,SANDOZ LINEZOLID,LINEZOLID,600mg,TABLET,J01XX08,antibiotic,19.3041,30,2,0
02158574,TEVA-DOXYCYCLINE,DOXYCYCLINE HYCLATE,100mg,TABLET,J01AA02,antibiotic,0.4560,100,2,0
02084104,MINOCYCLINE,MINOCYCLINE HCL,100mg,CAPSULE,J01AA08,antibiotic,1.0836,30,2,0
00020885,TEVA-AMPICILLIN,AMPICILLIN,500mg,CAPSULE,J01CA01,antibiotic,0.8006,100,3,0
00628115,APO-AMOXI,AMOXICILLIN,250mg,CAPSULE,J01CA04,antibiotic,0.0672,100,3,0
02510731,JAMP CLOXACILLIN,CLOXACILLIN,250mg,CAPSULE,J01CF02,antibiotic,0.2141,100,3,0
02471671,AURO-AMOXICLAV,AMOXICILLIN & CLAVULANIC ACID,250mg & 125mg,TABLET,J01CR02,antibiotic,0.2467,100,3,0
00768723,APO-CEPHALEX,CEPHALEXIN MONOHYDRATE,250mg,TABLET,J01DB01,antibiotic,0.0866,100,2,0
02240774,APO-CEFADROXIL,CEFADROXIL,500mg,CAPSULE,J01DB05,antibiotic,0.5895,100,2,0
02344823,AURO-CEFUROXIME,CEFUROXIME AXETIL,250mg,TABLET,J01DC02,antibiotic,0.4194,100,2,0
02293536,SPC-CEFPROZIL,CEFPROZIL,500mg,TABLET,J01DC10,antibiotic,2.0038,30,2,0
02432773,AURO-CEFIXIME,CEFIXIME,400mg,TABLET,J01DD08,antibiotic,2.7172,30,2,0
02243117,TRIMETHOPRIM TABLETS,TRIMETHOPRIM,200mg,TABLET,J01EA01,antibiotic,0.5378,100,2,0
00445274,SULFATRIM,SULFAMETHOXAZOLE & TRIMETHOPRIM,400mg & 80mg,TABLET,J01EE01,antibiotic,0.2184,100,2,0
02274744,APO-CLARITHROMYCIN,CLARITHROMYCIN,250mg,TABLET,J01FA09,antibiotic,0.4122,100,2,0
00594652,STATEX,MORPHINE SULFATE,5mg,TABLET,N02AA01,opioid,0.0709,100,4,1
00885444,PMS-HYDROMORPHONE TAB 1MG,HYDROMORPHONE HCL,1mg,TABLET,N02AA03,opioid,0.0959,100,4,1
00789739,SUPEUDOL 5,OXYCODONE HCL,5mg,TABLET,N02AA05,opioid,0.2333,100,4,1
00653241,TEVA-LENOLTEC NO. 2,ACETAMINOPHEN & CAFFEINE & CODEINE PHOSPHATE,300mg & 15mg & 15mg,TABLET,N02AJ06,opioid,0.0933,100,4,1
00608165,TEVA-OXYCOCET,OXYCODONE HCL & ACETAMINOPHEN,5mg & 325mg,TABLET,N02AJ17,opioid,0.1285,100,4,1
00608157,TEVA-OXYCODAN,OXYCODONE HCL & ACETYLSALICYLIC ACID,5mg & 325mg,TABLET,N02AJ18,opioid,0.4599,100,4,1
02549794,PMS-MORPHINE SULFATE,MORPHINE SULFATE,5mg,TABLET,N02AA01,opioid,0.0709,100,4,1
02364115,APO-HYDROMORPHONE,HYDROMORPHONE HCL,1mg,TABLET,N02AA03,opioid,0.0959,100,4,1
02319977,PMS-OXYCODONE,OXYCODONE HCL,5mg,TABLET,N02AA05,opioid,0.2333,100,4,1
00653276,TEVA-LENOLTEC NO. 3,ACETAMINOPHEN & CAFFEINE & CODEINE PHOSPHATE,300mg & 15mg & 30mg,TABLET,N02AJ06,opioid,0.0980,100,4,1
02324628,APO-OXYCODONE/ACET,OXYCODONE HCL & ACETAMINOPHEN,5mg & 325mg,TABLET,N02AJ17,opioid,0.1285,100,4,1
00594644,STATEX,MORPHINE SULFATE,10mg,TABLET,N02AA01,opioid,0.1096,100,4,1
00705438,DILAUDID,HYDROMORPHONE HCL,1mg,TABLET,N02AA03,opioid,0.1061,100,4,1
00443948,SUPEUDOL 10,OXYCODONE HCL,10mg,TABLET,N02AA05,opioid,0.3451,100,4,1
00608882,TEVA-EMTEC-30,ACETAMINOPHEN & CODEINE PHOSPHATE,300mg & 30mg,TABLET,N02AJ06,opioid,0.1300,100,4,1
02549808,PMS-MORPHINE SULFATE,MORPHINE SULFATE,10mg,TABLET,N02AA01,opioid,0.1096,100,4,1
00885436,PMS-HYDROMORPHONE TAB 2MG,HYDROMORPHONE HCL,2mg,TABLET,N02AA03,opioid,0.1417,100,4,1
02319985,PMS-OXYCODONE,OXYCODONE HCL,10mg,TABLET,N02AA05,opioid,0.3451,100,4,1
00621463,TEVA-LENOLTEC NO. 4,ACETAMINOPHEN & CODEINE PHOSPHATE,300mg & 60mg,TABLET,N02AJ06,opioid,0.1890,100,4,1
02019930,M-ESLON,MORPHINE SULFATE,10mg,CAPSULE (EXTENDED-RELEASE),N02AA01,opioid,0.3416,100,4,1
02364123,APO-HYDROMORPHONE,HYDROMORPHONE HCL,2mg,TABLET,N02AA03,opioid,0.1417,100,4,1
02262983,SUPEUDOL 20,OXYCODONE HCL,20mg,TABLET,N02AA05,opioid,0.6001,100,4,1
02177749,M-ESLON,MORPHINE SULFATE,15mg,CAPSULE (EXTENDED-RELEASE),N02AA01,opioid,0.3941,100,4,1
00125083,DILAUDID,HYDROMORPHONE HCL,2mg,TABLET,N02AA03,opioid,0.1565,100,4,1
02269562,INFLUVAC,INFLUENZA VACCINE,,SUSPENSION,J07BB01,flu_vaccine,0.0000,10,1,0
02362384,FLUAD,INFLUENZA VACCINE,,SUSPENSION,J07BB02,flu_vaccine,0.0000,10,1,0
02365707,FLUZONE,INFLUENZA VACCINE,,SUSPENSION,J07BB02,flu_vaccine,0.0000,10,1,0
02365936,FLUZONE,INFLUENZA VACCINE,,SUSPENSION,J07BB02,flu_vaccine,0.0000,10,1,0
